id,cross,Shed.1,Shed.2,Shed.3,Shed.4,sum,average,PO,Hb
F2A_1,F2A,1100,966.6666666667,800,400,3266.6666666667,816.6666666667,1.9115,0.3717
F2A_2,F2A,400,2266.6666666667,300,600,3566.6666666667,891.6666666667,2.0736,0.4867
F2A_3,F2A,2566.6666666667,1766.6666666667,2433.3333333333,700,7466.6666666667,1866.6666666667,NA,NA
F2A_4,F2A,1533.3333333333,3733.3333333333,1900,966.6666666667,8133.3333333333,2033.3333333333,NA,NA
F2A_5,F2A,2000,2133.3333333333,1433.3333333333,600,6166.6666666667,1541.6666666667,2.1958,0.7552
F2A_6,F2A,233.3333333333,600,533.3333333333,233.3333333333,1600,400,2.8137,1.3604
F2A_7,F2A,2200,1166.6666666667,566.6666666667,500,4433.3333333333,1108.3333333333,NA,NA
F2A_8,F2A,4500,2533.3333333333,2100,333.3333333333,9466.6666666667,2366.6666666667,NA,NA
F2A_9,F2A,2033.3333333333,1033.3333333333,1066.6666666667,533.3333333333,4666.6666666667,1166.6666666667,NA,NA
F2A_10,F2A,1666.6666666667,700,433.3333333333,NA,2800,933.3333333333,NA,NA
F2A_11,F2A,2433.3333333333,900,1433.3333333333,NA,4766.6666666667,1588.8888888889,NA,NA
F2A_12,F2A,1466.6666666667,2666.6666666667,1066.6666666667,233.3333333333,5433.3333333334,1358.3333333333,NA,NA
F2A_13,F2A,8,100,666.6666666667,166.6666666667,941.3333333333,235.3333333333,3.2259,2.1901
F2A_14,F2A,2733.3333333333,5133.3333333333,800,966.6666666667,9633.3333333333,2408.3333333333,NA,NA
F2A_15,F2A,2533.3333333333,2833.3333333333,1600,300,7266.6666666667,1816.6666666667,NA,NA
F2A_16,F2A,1766.6666666667,2666.6666666667,600,1400,6433.3333333333,1608.3333333333,NA,NA
F2A_17,F2A,2166.6666666667,2200,466.6666666667,1400,6233.3333333333,1558.3333333333,1.8982,0.6445
F2A_18,F2A,2000,NA,NA,NA,2000,2000,NA,NA
F2A_19,F2A,1400,1000,200,533.3333333333,3133.3333333333,783.3333333333,2.1974,0.4199
F2A_20,F2A,2066.6666666667,3100,2433.3333333333,500,8100,2025,NA,NA
F2A_21,F2A,33.3333333333,1,0,0,34.3333333333,8.5833333333,3.1333,1.8153
F2A_22,F2A,966.6666666667,1000,766.6666666667,266.6666666667,3000,750,2.5541,0.7661
F2A_23,F2A,100,2633.3333333333,1933.3333333333,3166.6666666667,7833.3333333333,1958.3333333333,NA,NA
F2A_24,F2A,773.3333333333,1933.3333333333,1000,400,4106.6666666667,1026.6666666667,NA,NA
F2A_25,F2A,1266.6666666667,2500,2066.6666666667,666.6666666667,6500,1625,2.0102,0.3717
F2A_26,F2A,666.6666666667,2400,1566.6666666667,1166.6666666667,5800,1450,NA,NA
F2A_28,F2A,533.3333333333,2333.3333333333,2166.6666666667,2600,7633.3333333333,1908.3333333333,NA,NA
F2A_29,F2A,1466.6666666667,2133.3333333333,1133.3333333333,533.3333333333,5266.6666666667,1316.6666666667,NA,NA
F2A_30,F2A,900,3166.6666666667,3233.3333333333,1933.3333333333,9233.3333333333,2308.3333333333,2.2886,0.715
F2A_31,F2A,933.3333333333,866.6666666667,700,266.6666666667,2766.6666666667,691.6666666667,1.8251,0.4444
F2A_32,F2A,666.6666666667,2066.6666666667,1533.3333333333,966.6666666667,5233.3333333333,1308.3333333333,NA,NA
F2A_35,F2A,2066.6666666667,2133.3333333333,533.3333333333,266.6666666667,5000,1250,NA,NA
F2A_37,F2A,533.3333333333,1033.3333333333,966.6666666667,266.6666666667,2800,700,2.5464,0.7855
F2A_46,F2A,1133.3333333333,1033.3333333333,700,100,2966.6666666667,741.6666666667,NA,NA
F2A_47,F2A,15,133.3333333333,166.6666666667,133.3333333333,448.3333333333,112.0833333333,3.2158,1.9066
F2A_48,F2A,700,2266.6666666667,533.3333333333,NA,3500,1166.6666666667,NA,NA
F2A_49,F2A,1466.6666666667,2533.3333333333,866.6666666667,933.3333333333,5800,1450,NA,NA
F2A_50,F2A,700,2900,1733.3333333333,1333.3333333333,6666.6666666667,1666.6666666667,1.9548,0.7336
F2A_52,F2A,600,1800,966.6666666667,2266.6666666667,5633.3333333333,1408.3333333333,NA,NA
F2A_53,F2A,166.6666666667,2200,633.3333333333,366.6666666667,3366.6666666667,841.6666666667,2.3051,0.5001
F2A_54,F2A,533.3333333333,3600,833.3333333333,1600,6566.6666666667,1641.6666666667,NA,NA
F2A_55,F2A,66.6666666667,1900,1200,2566.6666666667,5733.3333333333,1433.3333333333,2.2933,0.7189
F2A_56,F2A,10,1033.3333333333,900,400,2343.3333333333,585.8333333333,NA,NA
F2A_58,F2A,800,1866.6666666667,1700,366.6666666667,4733.3333333333,1183.3333333333,NA,NA
F2A_59,F2A,1333.3333333333,700,833.3333333333,566.6666666667,3433.3333333333,858.3333333333,2.5194,0.7495
F2A_60,F2A,233.3333333333,733.3333333333,1400,433.3333333333,2800,700,2.503,0.6685
F2A_61,F2A,33.3333333333,NA,NA,NA,33.3333333333,33.3333333333,NA,NA
F2A_62,F2A,1133.3333333333,2000,2033.3333333333,1166.6666666667,6333.3333333333,1583.3333333333,NA,NA
F2A_63,F2A,866.6666666667,2833.3333333333,2600,1066.6666666667,7366.6666666667,1841.6666666667,NA,NA
F2A_64,F2A,2133.3333333333,1566.6666666667,766.6666666667,1066.6666666667,5533.3333333333,1383.3333333333,NA,NA
F2A_65,F2A,200,1166.6666666667,1833.3333333333,1566.6666666667,4766.6666666667,1191.6666666667,NA,NA
F2A_67,F2A,1166.6666666667,1700,1633.3333333333,766.6666666667,5266.6666666667,1316.6666666667,NA,NA
F2A_68,F2A,900,2433.3333333333,2233.3333333333,2000,7566.6666666667,1891.6666666667,NA,NA
F2A_70,F2A,1566.6666666667,2066.6666666667,1800,1400,6833.3333333333,1708.3333333333,2.1481,0.7425
F2A_71,F2A,266.6666666667,1900,1200,833.3333333333,4200,1050,2.8604,1.0744
F2A_73,F2A,3300,4833.3333333333,5433.3333333333,4000,17566.6666666667,4391.6666666667,1.692,0.5021
F2A_75,F2A,1500,1400,1266.6666666667,1266.6666666667,5433.3333333333,1358.3333333333,NA,NA
F2A_76,F2A,400,1066.6666666667,1133.3333333333,466.6666666667,3066.6666666667,766.6666666667,1.785,0.2267
F2A_77,F2A,2566.6666666667,2833.3333333333,2733.3333333333,1466.6666666667,9600,2400,NA,NA
F2A_78,F2A,1200,1333.3333333333,1600,NA,4133.3333333333,1377.7777777778,NA,NA
F2A_80,F2A,566.6666666667,1400,2266.6666666667,566.6666666667,4800,1200,NA,NA
F2A_81,F2A,2400,2433.3333333333,966.6666666667,433.3333333333,6233.3333333333,1558.3333333333,2.4258,1.0621
F2A_82,F2A,2833.3333333333,933.3333333333,1433.3333333333,300,5500,1375,NA,NA
F2A_84,F2A,4000,3500,2533.3333333333,700,10733.3333333333,2683.3333333333,1.3755,0.3862
F2A_86,F2A,3233.3333333333,3266.6666666667,1433.3333333333,466.6666666667,8400,2100,NA,NA
F2A_87,F2A,1866.6666666667,1000,2933.3333333333,966.6666666667,6766.6666666667,1691.6666666667,2.5551,1.0439
F2A_88,F2A,1733.3333333333,1433.3333333333,NA,NA,3166.6666666667,1583.3333333333,NA,NA
F2A_90,F2A,1333.3333333333,1600,2033.3333333333,866.6666666667,5833.3333333333,1458.3333333333,NA,NA
F2A_91,F2A,2700,4300,2666.6666666667,1433.3333333333,11100,2775,1.6004,0.5617
F2A_92,F2A,1366.6666666667,3333.3333333333,1366.6666666667,866.6666666667,6933.3333333333,1733.3333333333,1.9955,0.8589
F2A_93,F2A,1833.3333333333,4400,3500,3133.3333333333,12866.6666666667,3216.6666666667,1.7582,0.5744
F2A_94,F2A,1166.6666666667,3166.6666666667,2100,300,6733.3333333333,1683.3333333333,1.6001,0.3155
F2A_95,F2A,1,1,66.6666666667,33.3333333333,102,25.5,2.9681,2.4349
F2A_96,F2A,1,1,2066.6666666667,0,2068.6666666667,517.1666666667,NA,NA
F2A_97,F2A,5700,2033.3333333333,4,666.6666666667,8404,2101,2.3547,0.7505
F2A_98,F2A,2600,2666.6666666667,2866.6666666667,2366.6666666667,10500,2625,NA,NA
F2A_99,F2A,3466.6666666667,3833.3333333333,3866.6666666667,2433.3333333333,13600,3400,1.7229,0.5547
F2A_100,F2A,1400,2866.6666666667,2633.3333333333,300,7200,1800,NA,NA
F2A_101,F2A,2600,2600,1633.3333333333,866.6666666667,7700,1925,NA,NA
F2A_102,F2A,3000,5300,3033.3333333333,2800,14133.3333333333,3533.3333333333,2.0143,0.4355
F2A_103,F2A,1966.6666666667,4500,1466.6666666667,1066.6666666667,9000,2250,NA,NA
F2A_104,F2A,4466.6666666667,3033.3333333333,2933.3333333333,700,11133.3333333333,2783.3333333333,2.5813,0.6484
F2A_105,F2A,3366.6666666667,4033.3333333333,3800,2233.3333333333,13433.3333333333,3358.3333333333,2.037,0.4587
F2A_106,F2A,4633.3333333333,2300,1266.6666666667,266.6666666667,8466.6666666667,2116.6666666667,2.3345,1.3895
F2A_107,F2A,4700,5400,2666.6666666667,2033.3333333333,14800,3700,1.5799,0.5921
F2A_108,F2A,566.6666666667,1633.3333333333,833.3333333333,800,3833.3333333333,958.3333333333,NA,NA
F2A_109,F2A,2333.3333333333,3333.3333333333,733.3333333333,NA,6400,2133.3333333333,NA,NA
F2A_111,F2A,633.3333333333,1100,2100,266.6666666667,4100,1025,NA,NA
F2A_112,F2A,2066.6666666667,4033.3333333333,3833.3333333333,1166.6666666667,11100,2775,1.8263,0.6088
F2A_113,F2A,1466.6666666667,1933.3333333333,900,166.6666666667,4466.6666666667,1116.6666666667,NA,NA
F2A_114,F2A,700,1000,1666.6666666667,700,4066.6666666667,1016.6666666667,NA,NA
F2A_115,F2A,2233.3333333333,2700,2166.6666666667,666.6666666667,7766.6666666667,1941.6666666667,NA,NA
F2A_116,F2A,1933.3333333333,3066.6666666667,2200,333.3333333333,7533.3333333333,1883.3333333333,NA,NA
F2A_117,F2A,2433.3333333333,3166.6666666667,1366.6666666667,400,7366.6666666667,1841.6666666667,NA,NA
F2A_118,F2A,1733.3333333333,1566.6666666667,1666.6666666667,600,5566.6666666667,1391.6666666667,1.9512,0.9442
F2A_119,F2A,2566.6666666667,3733.3333333333,2000,2200,10500,2625,NA,NA
F2A_120,F2A,866.6666666667,766.6666666667,NA,NA,1633.3333333333,816.6666666667,NA,NA
F2A_173,F2A,2200,1866.6666666667,833.3333333333,666.6666666667,5566.6666666667,1391.6666666667,NA,NA
F2A_174,F2A,1233.3333333333,833.3333333333,NA,NA,2066.6666666667,1033.3333333333,NA,NA
F2A_176,F2A,200,4566.6666666667,2433.3333333333,2366.6666666667,9566.6666666667,2391.6666666667,NA,NA
F2A_179,F2A,266.6666666667,1466.6666666667,733.3333333333,733.3333333333,3200,800,2.4033,0.8
F2A_180,F2A,166.6666666667,1566.6666666667,1300,1133.3333333333,4166.6666666667,1041.6666666667,2.8232,1.3811
F2A_200,F2A,3533.3333333333,4266.6666666667,1100,1900,10800,2700,NA,NA
F2A_201,F2A,5366.6666666667,4300,2100,2000,13766.6666666667,3441.6666666667,1.6362,0.41
F2A_202,F2A,733.3333333333,2666.6666666667,1533.3333333333,866.6666666667,5800,1450,NA,NA
F2A_203,F2A,2066.6666666667,3166.6666666667,1566.6666666667,166.6666666667,6966.6666666667,1741.6666666667,NA,NA
F2A_204,F2A,700,1933.3333333333,833.3333333333,1100,4566.6666666667,1141.6666666667,NA,NA
F2A_205,F2A,1233.3333333333,5033.3333333333,1400,1233.3333333333,8900,2225,NA,NA
F2A_206,F2A,300,2466.6666666667,1600,766.6666666667,5133.3333333333,1283.3333333333,NA,NA
F2A_207,F2A,300,1933.3333333333,1133.3333333333,566.6666666667,3933.3333333333,983.3333333333,2.5966,1.004
F2A_208,F2A,400,833.3333333333,766.6666666667,600,2600,650,NA,NA
F2A_209,F2A,2200,2633.3333333333,2433.3333333333,1233.3333333333,8500,2125,NA,NA
F2A_210,F2A,2700,5666.6666666667,2733.3333333333,2133.3333333333,13233.3333333333,3308.3333333333,1.8659,0.4992
F2A_211,F2A,1533.3333333333,2833.3333333333,1400,666.6666666667,6433.3333333333,1608.3333333333,NA,NA
F2A_212,F2A,1266.6666666667,1866.6666666667,1633.3333333333,833.3333333333,5600,1400,NA,NA
F2A_213,F2A,2866.6666666667,2133.3333333333,2166.6666666667,266.6666666667,7433.3333333333,1858.3333333333,NA,NA
F2A_214,F2A,5633.3333333333,3000,3800,400,12833.3333333333,3208.3333333333,1.6696,0.6601
F2A_215,F2A,1900,1566.6666666667,766.6666666667,500,4733.3333333333,1183.3333333333,NA,NA
F2A_216,F2A,2366.6666666667,3166.6666666667,1333.3333333333,1500,8366.6666666667,2091.6666666667,NA,NA
F2A_217,F2A,400,1933.3333333333,633.3333333333,2200,5166.6666666667,1291.6666666667,2.3376,0.4825
F2A_218,F2A,766.6666666667,1300,1400,333.3333333333,3800,950,NA,NA
F2A_219,F2A,433.3333333333,NA,NA,NA,433.3333333333,433.3333333333,NA,NA
F2A_220,F2A,733.3333333333,3400,2266.6666666667,366.6666666667,6766.6666666667,1691.6666666667,2.0259,0.7564
F2A_221,F2A,933.3333333333,3033.3333333333,2766.6666666667,1333.3333333333,8066.6666666667,2016.6666666667,1.8452,1.2026
F2A_222,F2A,2800,4366.6666666667,3666.6666666667,2533.3333333333,13366.6666666667,3341.6666666667,1.7771,0.4603
F2A_223,F2A,1166.6666666667,2300,266.6666666667,933.3333333333,4666.6666666667,1166.6666666667,NA,NA
F2A_224,F2A,300,1166.6666666667,1833.3333333333,733.3333333333,4033.3333333333,1008.3333333333,NA,NA
F2A_225,F2A,500,1933.3333333333,1566.6666666667,766.6666666667,4766.6666666667,1191.6666666667,NA,NA
F2A_226,F2A,1900,5566.6666666667,2466.6666666667,1333.3333333333,11266.6666666667,2816.6666666667,1.484,0.742
F2A_227,F2A,166.6666666667,2066.6666666667,666.6666666667,1733.3333333333,4633.3333333333,1158.3333333333,2.6245,1.241
F2A_228,F2A,2766.6666666667,5433.3333333333,2233.3333333333,866.6666666667,11300,2825,1.9067,0.3992
F2A_229,F2A,333.3333333333,1233.3333333333,900,200,2666.6666666667,666.6666666667,2.1493,0.4198
F2A_230,F2A,2866.6666666667,2600,466.6666666667,1033.3333333333,6966.6666666667,1741.6666666667,1.7558,0.6465
F2A_231,F2A,1433.3333333333,3666.6666666667,3000,1033.3333333333,9133.3333333333,2283.3333333333,NA,NA
F2A_232,F2A,533.3333333333,1933.3333333333,1433.3333333333,366.6666666667,4266.6666666667,1066.6666666667,NA,NA
F2A_233,F2A,433.3333333333,1700,833.3333333333,433.3333333333,3400,850,2.1795,0.4529
F2A_234,F2A,4200,4000,900,1700,10800,2700,NA,NA
F2A_235,F2A,2300,1833.3333333333,1666.6666666667,633.3333333333,6433.3333333333,1608.3333333333,NA,NA
F2A_236,F2A,1566.6666666667,4300,2433.3333333333,733.3333333333,9033.3333333333,2258.3333333333,NA,NA
F2A_237,F2A,400,2966.6666666667,3966.6666666667,2166.6666666667,9500,2375,1.7933,0.7139
F2A_238,F2A,1100,2666.6666666667,3000,3033.3333333333,9800,2450,1.9394,0.9038
F2A_239,F2A,366.6666666667,3566.6666666667,1766.6666666667,733.3333333333,6433.3333333333,1608.3333333333,2.1675,1.1162
F2A_240,F2A,1266.6666666667,4100,2100,3033.3333333333,10500,2625,NA,NA
F2A_241,F2A,1033.3333333333,2066.6666666667,1133.3333333333,833.3333333333,5066.6666666667,1266.6666666667,NA,NA
F2A_242,F2A,1533.3333333333,6700,3333.3333333333,933.3333333333,12500,3125,1.3417,0.3473
F2A_243,F2A,1833.3333333333,3200,1200,666.6666666667,6900,1725,2.137,1.2036
F2A_244,F2A,2200,4800,3500,700,11200,2800,1.6406,0.5596
F2A_245,F2A,566.6666666667,2133.3333333333,3300,1400,7400,1850,2.2524,0.8605
F2A_246,F2A,1766.6666666667,5266.6666666667,4400,1900,13333.3333333333,3333.3333333333,1.5637,0.5016
F2A_247,F2A,466.6666666667,1833.3333333333,1566.6666666667,866.6666666667,4733.3333333333,1183.3333333333,NA,NA
F2A_248,F2A,2166.6666666667,4100,566.6666666667,866.6666666667,7700,1925,NA,NA
F2A_249,F2A,1966.6666666667,3866.6666666667,2166.6666666667,900,8900,2225,NA,NA
F2A_250,F2A,1033.3333333333,5933.3333333333,4633.3333333333,2433.3333333333,14033.3333333333,3508.3333333333,NA,NA
F2A_251,F2A,900,3533.3333333333,1966.6666666667,2566.6666666667,8966.6666666667,2241.6666666667,2.5236,1.2148
F2A_252,F2A,1200,2633.3333333333,3200,1700,8733.3333333333,2183.3333333333,1.722,0.5336
F2A_253,F2A,2200,8066.6666666667,733.3333333333,1333.3333333333,12333.3333333333,3083.3333333333,NA,NA
F2A_254,F2A,1300,2133.3333333333,1500,333.3333333333,5266.6666666667,1316.6666666667,NA,NA
F2A_255,F2A,2500,2533.3333333333,3633.3333333333,866.6666666667,9533.3333333333,2383.3333333333,NA,NA
F2A_256,F2A,2166.6666666667,7833.3333333333,1533.3333333333,1066.6666666667,12600,3150,NA,NA
F2A_257,F2A,2100,2466.6666666667,2800,200,7566.6666666667,1891.6666666667,NA,NA
F2A_258,F2A,2700,3466.6666666667,1533.3333333333,1633.3333333333,9333.3333333333,2333.3333333333,NA,NA
F2A_259,F2A,966.6666666667,2666.6666666667,2400,266.6666666667,6300,1575,2.1058,0.4162
F2A_260,F2A,1066.6666666667,2200,1833.3333333333,966.6666666667,6066.6666666667,1516.6666666667,NA,NA
F2A_261,F2A,1333.3333333333,1966.6666666667,700,533.3333333333,4533.3333333333,1133.3333333333,NA,NA
F2A_262,F2A,1433.3333333333,1966.6666666667,666.6666666667,100,4166.6666666667,1041.6666666667,NA,NA
F2A_263,F2A,466.6666666667,3866.6666666667,2600,2233.3333333333,9166.6666666667,2291.6666666667,NA,NA
F2A_264,F2A,2066.6666666667,2966.6666666667,1466.6666666667,1100,7600,1900,NA,NA
F2A_265,F2A,3033.3333333333,3200,4133.3333333333,1100,11466.6666666667,2866.6666666667,2.1507,0.4259
F2A_266,F2A,3033.3333333333,5566.6666666667,2433.3333333333,866.6666666667,11900,2975,1.6413,0.6226
F2A_267,F2A,700,2333.3333333333,1500,NA,4533.3333333333,1511.1111111111,NA,NA
F2A_268,F2A,266.6666666667,2333.3333333333,0,NA,2600,866.6666666667,NA,NA
F2A_269,F2A,4100,8300,2300,1333.3333333333,16033.3333333333,4008.3333333333,1.6766,0.5765
F2A_270,F2A,2000,2233.3333333333,2133.3333333333,3200,9566.6666666667,2391.6666666667,1.7739,0.6105
F2A_271,F2A,600,2500,3033.3333333333,1600,7733.3333333333,1933.3333333333,NA,NA
F2A_272,F2A,1733.3333333333,4400,1500,2533.3333333333,10166.6666666667,2541.6666666667,NA,NA
F2A_273,F2A,2133.3333333333,2966.6666666667,1233.3333333333,433.3333333333,6766.6666666667,1691.6666666667,NA,NA
F2A_274,F2A,1500,5400,866.6666666667,1366.6666666667,9133.3333333333,2283.3333333333,NA,NA
F2A_275,F2A,1933.3333333333,4933.3333333333,2366.6666666667,2966.6666666667,12200,3050,2.2001,0.5958
F2A_276,F2A,2200,3966.6666666667,1000,1733.3333333333,8900,2225,NA,NA
F2A_277,F2A,400,1333.3333333333,966.6666666667,1033.3333333333,3733.3333333333,933.3333333333,2.091,0.683
F2A_278,F2A,1433.3333333333,3600,3066.6666666667,2366.6666666667,10466.6666666667,2616.6666666667,NA,NA
F2A_279,F2A,766.6666666667,2666.6666666667,1800,1200,6433.3333333333,1608.3333333333,NA,NA
F2A_280,F2A,2800,5566.6666666667,1166.6666666667,3666.6666666667,13200,3300,NA,NA
F2A_281,F2A,2900,2466.6666666667,2500,1666.6666666667,9533.3333333333,2383.3333333333,NA,NA
F2A_282,F2A,1000,3433.3333333333,733.3333333333,466.6666666667,5633.3333333333,1408.3333333333,1.8785,0.8478
F2A_283,F2A,2333.3333333333,3366.6666666667,1633.3333333333,3366.6666666667,10700,2675,NA,NA
F2A_284,F2A,2600,3433.3333333333,2933.3333333333,2033.3333333333,11000,2750,1.4826,0.3824
F2A_285,F2A,3666.6666666667,3866.6666666667,2400,4566.6666666667,14500,3625,1.6893,0.4412
F2A_286,F2A,1533.3333333333,5566.6666666667,2566.6666666667,4033.3333333333,13700,3425,1.6592,0.4678
F2A_287,F2A,2200,5500,1800,2100,11600,2900,1.3241,0.3197
F2A_288,F2A,966.6666666667,3566.6666666667,4266.6666666667,933.3333333333,9733.3333333333,2433.3333333333,NA,NA
F2A_289,F2A,1866.6666666667,4033.3333333333,3200,1333.3333333333,10433.3333333333,2608.3333333333,NA,NA
F2A_290,F2A,2100,3166.6666666667,2133.3333333333,2933.3333333333,10333.3333333333,2583.3333333333,NA,NA
F2A_291,F2A,866.6666666667,2366.6666666667,1133.3333333333,1300,5666.6666666667,1416.6666666667,NA,NA
F2A_292,F2A,1133.3333333333,3933.3333333333,1466.6666666667,2766.6666666667,9300,2325,NA,NA
F2A_293,F2A,1333.3333333333,3033.3333333333,1833.3333333333,1900,8100,2025,NA,NA
F2A_294,F2A,1666.6666666667,3300,3333.3333333333,2633.3333333333,10933.3333333333,2733.3333333333,NA,NA
F2A_295,F2A,1633.3333333333,4433.3333333333,3100,2133.3333333333,11300,2825,1.4938,0.8775
F2A_296,F2A,1466.6666666667,1033.3333333333,1433.3333333333,1500,5433.3333333333,1358.3333333333,NA,NA
F2A_297,F2A,2033.3333333333,4233.3333333333,2466.6666666667,800,9533.3333333333,2383.3333333333,2.2237,0.1732
F2A_298,F2A,2433.3333333333,3766.6666666667,1633.3333333333,2333.3333333333,10166.6666666667,2541.6666666667,NA,NA
F2A_299,F2A,1966.6666666667,3200,3266.6666666667,2666.6666666667,11100,2775,NA,NA
F2A_300,F2A,2500,3333.3333333333,2166.6666666667,200,8200,2050,NA,NA
F2A_301,F2A,666.6666666667,3166.6666666667,2166.6666666667,2966.6666666667,8966.6666666667,2241.6666666667,2.2065,0.8755
F2B_1,F2B,2500,3100,2500,1666.66666666667,9766.66666666667,2441.66666666667,2.2815,0.6259
F2B_2,F2B,533.333333333333,2500,800,1300,5133.33333333333,1283.33333333333,NA,NA
F2B_3,F2B,233.333333333333,2166.66666666667,1400,3166.66666666667,6966.66666666667,1741.66666666667,NA,NA
F2B_4,F2B,2566.66666666667,4900,633.333333333333,1000,9100,2275,NA,NA
F2B_5,F2B,933.333333333333,1866.66666666667,2900,1300,7000,1750,1.9755,1.1302
F2B_6,F2B,766.666666666667,900,833.333333333333,NA,2500,833.333333333333,NA,NA
F2B_7,F2B,1700,1800,300,1133.33333333333,4933.33333333333,1233.33333333333,NA,NA
F2B_8,F2B,1566.66666666667,3133.33333333333,1466.66666666667,1233.33333333333,7400,1850,1.862,0.3932
F2B_9,F2B,2266.66666666667,2466.66666666667,1233.33333333333,1900,7866.66666666667,1966.66666666667,NA,NA
F2B_10,F2B,1766.66666666667,2400,2000,2366.66666666667,8533.33333333334,2133.33333333333,1.8806,0.3122
F2B_11,F2B,2100,2033.33333333333,600,766.666666666667,5500,1375,2.2073,0.8648
F2B_12,F2B,3133.33333333333,2966.66666666667,3066.66666666667,2066.66666666667,11233.3333333333,2808.33333333333,2.0228,1.1133
F2B_13,F2B,33.3333333333333,1,0,0,34.3333333333333,8.58333333333333,2.7967,2.3028
F2B_14,F2B,1233.33333333333,2266.66666666667,2500,1400,7400,1850,2.0313,1.0013
F2B_15,F2B,133.333333333333,333.333333333333,533.333333333333,233.333333333333,1233.33333333333,308.333333333333,NA,NA
F2B_16,F2B,1100,1966.66666666667,833.333333333333,1166.66666666667,5066.66666666667,1266.66666666667,NA,NA
F2B_17,F2B,200,1900,1866.66666666667,1466.66666666667,5433.33333333334,1358.33333333334,NA,NA
F2B_18,F2B,2100,3300,1566.66666666667,2966.66666666667,9933.33333333334,2483.33333333333,2.0509,0.8217
F2B_19,F2B,300,833.333333333333,933.333333333333,866.666666666667,2933.33333333333,733.333333333333,NA,NA
F2B_20,F2B,1533.33333333333,1666.66666666667,833.333333333333,2300,6333.33333333333,1583.33333333333,NA,NA
F2B_21,F2B,1,1,33.3333333333333,0,35.3333333333333,8.83333333333333,2.9075,2.0226
F2B_22,F2B,500,3533.33333333333,2233.33333333333,2333.33333333333,8599.99999999999,2150,NA,NA
F2B_23,F2B,1966.66666666667,1533.33333333333,NA,NA,3500,1750,NA,NA
F2B_24,F2B,966.666666666667,900,2033.33333333333,2166.66666666667,6066.66666666667,1516.66666666667,2.4164,1.1873
F2B_25,F2B,1033.33333333333,1000,266.666666666667,433.333333333333,2733.33333333333,683.333333333333,NA,NA
F2B_26,F2B,233.333333333333,566.666666666667,500,366.666666666667,1666.66666666667,416.666666666667,2.5606,1.5354
F2B_27,F2B,233.333333333333,1633.33333333333,1433.33333333333,1000,4299.99999999999,1075,NA,NA
F2B_28,F2B,600,1633.33333333333,400,800,3433.33333333333,858.333333333333,2.3304,1.9492
F2B_29,F2B,1500,366.666666666667,NA,NA,1866.66666666667,933.333333333334,NA,NA
F2B_30,F2B,1466.66666666667,2600,1500,NA,5566.66666666667,1855.55555555556,NA,NA
F2B_31,F2B,1166.66666666667,2666.66666666667,266.666666666667,900,5000.00000000001,1250,2.3355,1.3573
F2B_32,F2B,500,1466.66666666667,1433.33333333333,NA,3400,1133.33333333333,NA,NA
F2B_33,F2B,2133.33333333333,1133.33333333333,333.333333333333,NA,3599.99999999999,1200,NA,NA
F2B_34,F2B,1333.33333333333,3400,1033.33333333333,1400,7166.66666666666,1791.66666666667,NA,NA
F2B_35,F2B,2666.66666666667,3533.33333333333,1633.33333333333,966.666666666667,8800,2200,1.5806,0.932
F2B_36,F2B,800,1933.33333333333,2566.66666666667,1866.66666666667,7166.66666666667,1791.66666666667,NA,NA
F2B_37,F2B,833.333333333333,1433.33333333333,1166.66666666667,866.666666666667,4300,1075,NA,NA
F2B_38,F2B,1,1,0,0,2,0.5,2.5653,2.0838
F2B_39,F2B,3133.33333333333,4200,2633.33333333333,1833.33333333333,11800,2950,NA,NA
F2B_40,F2B,2833.33333333333,2566.66666666667,1300,833.333333333333,7533.33333333333,1883.33333333333,NA,NA
F2B_41,F2B,1700,1133.33333333333,1666.66666666667,800,5300,1325,1.8063,0.3043
F2B_42,F2B,2100,2500,1333.33333333333,266.666666666667,6200,1550,NA,NA
F2B_43,F2B,2466.66666666667,3100,1133.33333333333,1233.33333333333,7933.33333333333,1983.33333333333,NA,NA
F2B_44,F2B,1133.33333333333,2433.33333333333,700,NA,4266.66666666666,1422.22222222222,NA,NA
F2B_45,F2B,6633.33333333333,3000,2533.33333333333,NA,12166.6666666667,4055.55555555555,NA,NA
F2B_46,F2B,1,1,0,0,2,0.5,2.6869,1.4021
F2B_47,F2B,1166.66666666667,3833.33333333333,1733.33333333333,2666.66666666667,9400,2350,2.251,1.1866
F2B_48,F2B,666.666666666667,2866.66666666667,2800,2500,8833.33333333334,2208.33333333333,1.7356,0.7708
F2B_49,F2B,2033.33333333333,5266.66666666667,1566.66666666667,NA,8866.66666666667,2955.55555555556,NA,NA
F2B_50,F2B,1600,3233.33333333333,1800,NA,6633.33333333333,2211.11111111111,NA,NA
F2B_51,F2B,633.333333333333,3700,1800,1066.66666666667,7200,1800,NA,NA
F2B_52,F2B,1,1,0,0,2,0.5,2.3736,2.2583
F2B_53,F2B,933.333333333333,3200,1633.33333333333,1600,7366.66666666666,1841.66666666667,NA,NA
F2B_54,F2B,1666.66666666667,2966.66666666667,1600,NA,6233.33333333334,2077.77777777778,NA,NA
F2B_55,F2B,2466.66666666667,1433.33333333333,766.666666666667,1333.33333333333,6000,1500,1.7869,0.9104
F2B_56,F2B,1233.33333333333,3500,1033.33333333333,NA,5766.66666666666,1922.22222222222,NA,NA
F2B_57,F2B,3000,900,1666.66666666667,466.666666666667,6033.33333333334,1508.33333333333,NA,NA
F2B_58,F2B,2833.33333333333,2166.66666666667,1333.33333333333,1333.33333333333,7666.66666666666,1916.66666666667,1.827,0.6298
F2B_59,F2B,2300,3200,2433.33333333333,2033.33333333333,9966.66666666666,2491.66666666667,1.8367,0.9741
F2B_60,F2B,800,1666.66666666667,1233.33333333333,NA,3700,1233.33333333333,NA,NA
F2B_61,F2B,1100,1733.33333333333,1866.66666666667,NA,4700,1566.66666666667,NA,NA
F2B_64,F2B,1133.33333333333,2333.33333333333,733.333333333333,3033.33333333333,7233.33333333332,1808.33333333333,2.3878,0.9813
F2B_65,F2B,333.333333333333,2000,666.666666666667,NA,3000,1000,NA,NA
F2B_66,F2B,1166.66666666667,3066.66666666667,1500,1800,7533.33333333334,1883.33333333333,NA,NA
F2B_67,F2B,5000,4100,1333.33333333333,NA,10433.3333333333,3477.77777777778,NA,NA
F2B_68,F2B,2200,1166.66666666667,966.666666666667,NA,4333.33333333334,1444.44444444445,NA,NA
F2B_69,F2B,1333.33333333333,4200,1200,866.666666666667,7600,1900,NA,NA
F2B_70,F2B,2200,8066.66666666667,1966.66666666667,2366.66666666667,14600,3650,1.7494,0.5644
F2B_72,F2B,66.6666666666667,2066.66666666667,1500,366.666666666667,4000,1000,NA,NA
F2B_73,F2B,2766.66666666667,3800,1400,1400,9366.66666666667,2341.66666666667,NA,NA
F2B_75,F2B,1100,5133.33333333333,1400,1500,9133.33333333333,2283.33333333333,NA,NA
F2B_76,F2B,1300,3566.66666666667,2233.33333333333,700,7800,1950,1.9547,0.7192
F2B_77,F2B,766.666666666667,4266.66666666667,666.666666666667,533.333333333333,6233.33333333334,1558.33333333333,1.7497,0.7326
F2B_78,F2B,2500,1800,1900,1566.66666666667,7766.66666666667,1941.66666666667,NA,NA
F2B_79,F2B,566.666666666667,1366.66666666667,733.333333333333,166.666666666667,2833.33333333334,708.333333333334,2.2264,0.6986
F2B_80,F2B,566.666666666667,2266.66666666667,2300,1466.66666666667,6600.00000000001,1650,NA,NA
F2B_81,F2B,500,3100,2533.33333333333,2133.33333333333,8266.66666666666,2066.66666666666,2.2794,1.0471
F2B_82,F2B,200,1633.33333333333,1033.33333333333,633.333333333333,3499.99999999999,874.999999999998,1.7204,0.3533
F2B_83,F2B,1733.33333333333,3566.66666666667,1933.33333333333,NA,7233.33333333333,2411.11111111111,NA,NA
F2B_84,F2B,1933.33333333333,3333.33333333333,933.333333333333,2733.33333333333,8933.33333333332,2233.33333333333,NA,NA
F2B_85,F2B,466.666666666667,3100,1633.33333333333,1133.33333333333,6333.33333333333,1583.33333333333,2.1941,0.8365
F2B_86,F2B,1633.33333333333,3133.33333333333,700,866.666666666667,6333.33333333333,1583.33333333333,1.766,0.4911
F2B_87,F2B,900,2066.66666666667,1900,666.666666666667,5533.33333333334,1383.33333333333,NA,NA
F2B_88,F2B,2733.33333333333,1300,966.666666666667,766.666666666667,5766.66666666666,1441.66666666667,1.9607,0.9073
F2B_89,F2B,1666.66666666667,2800,1200,866.666666666667,6533.33333333334,1633.33333333333,NA,NA
F2B_90,F2B,2433.33333333333,1200,700,NA,4333.33333333333,1444.44444444444,NA,NA
F2B_91,F2B,1433.33333333333,3200,1466.66666666667,700,6800,1700,1.6088,0.2881
F2B_92,F2B,1833.33333333333,2000,1933.33333333333,733.333333333333,6499.99999999999,1625,NA,NA
F2B_93,F2B,1766.66666666667,1966.66666666667,1033.33333333333,833.333333333333,5600,1400,1.8696,0.776
F2B_94,F2B,2933.33333333333,2533.33333333333,1566.66666666667,233.333333333333,7266.66666666666,1816.66666666667,1.6089,0.5537
F2B_95,F2B,2466.66666666667,2766.66666666667,1100,1133.33333333333,7466.66666666667,1866.66666666667,NA,NA
F2B_96,F2B,2033.33333333333,2700,1233.33333333333,1400,7366.66666666666,1841.66666666667,NA,NA
F2B_97,F2B,1766.66666666667,3100,2366.66666666667,866.666666666667,8100.00000000001,2025,1.6178,0.487
F2B_98,F2B,500,2466.66666666667,1633.33333333333,833.333333333333,5433.33333333333,1358.33333333333,2.0859,0.8715
F2B_99,F2B,5966.66666666667,3333.33333333333,2933.33333333333,1266.66666666667,13500,3375,1.9209,0.4001
F2B_100,F2B,733.333333333333,3633.33333333333,1433.33333333333,1300,7099.99999999999,1775,1.6327,0.5332
F2B_101,F2B,433.333333333333,3266.66666666667,1733.33333333333,900,6333.33333333333,1583.33333333333,NA,NA
F2B_102,F2B,4133.33333333333,5900,3433.33333333333,1800,15266.6666666667,3816.66666666666,1.5666,0.5121
F2B_103,F2B,2800,3166.66666666667,1033.33333333333,1233.33333333333,8233.33333333333,2058.33333333333,NA,NA
F2B_104,F2B,1833.33333333333,2766.66666666667,1733.33333333333,766.666666666667,7100,1775,1.7924,0.4929
F2B_105,F2B,2833.33333333333,2633.33333333333,2366.66666666667,1433.33333333333,9266.66666666666,2316.66666666666,1.3934,0.0679
F2B_106,F2B,1966.66666666667,3900,2433.33333333333,1800,10100,2525,1.431,0.4649
F2B_300,F2B,200,1200,766.666666666667,433.333333333333,2600,650,1.9804,0.6837
F2B_301,F2B,233.333333333333,2366.66666666667,2700,633.333333333333,5933.33333333334,1483.33333333333,1.6169,0.2529
F2B_302,F2B,400,1666.66666666667,733.333333333333,666.666666666667,3466.66666666667,866.666666666668,NA,NA
F2B_303,F2B,533.333333333333,2266.66666666667,366.666666666667,500,3666.66666666667,916.666666666668,2.082,0.477
F2B_304,F2B,3033.33333333333,4666.66666666667,2533.33333333333,2000,12233.3333333333,3058.33333333333,1.8643,0.6005
F2B_305,F2B,533.333333333333,1566.66666666667,433.333333333333,966.666666666667,3500,875.000000000001,2.1284,1.1293
F2B_306,F2B,1466.66666666667,3233.33333333333,3466.66666666667,3266.66666666667,11433.3333333333,2858.33333333333,1.5936,0.82
F2B_307,F2B,533.333333333333,4033.33333333333,3866.66666666667,4300,12733.3333333333,3183.33333333333,NA,NA
F2B_308,F2B,166.666666666667,1433.33333333333,566.666666666667,1733.33333333333,3899.99999999999,974.999999999999,NA,NA
F2B_309,F2B,1033.33333333333,7333.33333333333,1500,3500,13366.6666666667,3341.66666666666,1.722,0.6557
F2B_310,F2B,166.666666666667,866.666666666667,333.333333333333,NA,1366.66666666667,455.555555555556,NA,NA
F2B_311,F2B,2300,3566.66666666667,3366.66666666667,2066.66666666667,11300,2825,1.5911,0.4684
F2B_312,F2B,133.333333333333,1700,1866.66666666667,266.666666666667,3966.66666666667,991.666666666668,NA,NA
F2B_313,F2B,33.3333333333333,33.3333333333333,1,0,67.6666666666666,16.9166666666667,2.6002,2.5508
F2B_314,F2B,366.666666666667,3566.66666666667,333.333333333333,366.666666666667,4633.33333333334,1158.33333333333,2.2343,0.8399
F2B_315,F2B,2000,4200,2200,1133.33333333333,9533.33333333333,2383.33333333333,NA,NA
F2B_316,F2B,233.333333333333,3900,2500,1366.66666666667,8000,2000,NA,NA
F2B_317,F2B,933.333333333333,1433.33333333333,NA,NA,2366.66666666666,1183.33333333333,NA,NA
F2B_318,F2B,366.666666666667,2633.33333333333,NA,NA,3000,1500,NA,NA
F2B_319,F2B,166.666666666667,2200,1366.66666666667,1500,5233.33333333334,1308.33333333333,NA,NA
F2B_320,F2B,566.666666666667,2700,766.666666666667,533.333333333333,4566.66666666667,1141.66666666667,NA,NA
F2B_321,F2B,200,4866.66666666667,2333.33333333333,1600,9000,2250,NA,NA
F2B_322,F2B,2566.66666666667,1700,NA,NA,4266.66666666667,2133.33333333333,NA,NA
F2B_323,F2B,700,2100,1600,1100,5500,1375,NA,NA
F2B_324,F2B,766.666666666667,2833.33333333333,NA,NA,3600,1800,NA,NA
F2B_325,F2B,633.333333333333,2833.33333333333,2233.33333333333,NA,5699.99999999999,1900,NA,NA
F2B_326,F2B,1133.33333333333,2300,1633.33333333333,NA,5066.66666666666,1688.88888888889,NA,NA
F2B_327,F2B,2066.66666666667,5033.33333333333,2833.33333333333,2700,12633.3333333333,3158.33333333333,2.1148,0.5655
F2B_328,F2B,133.333333333333,2866.66666666667,NA,NA,3000,1500,NA,NA
F2B_329,F2B,300,3766.66666666667,3366.66666666667,2133.33333333333,9566.66666666667,2391.66666666667,NA,NA
F2B_330,F2B,100,1833.33333333333,800,NA,2733.33333333333,911.11111111111,NA,NA
F2B_331,F2B,300,1166.66666666667,500,NA,1966.66666666667,655.555555555557,NA,NA
F2B_332,F2B,100,433.333333333333,NA,NA,533.333333333333,266.666666666667,NA,NA
F2B_333,F2B,233.333333333333,5200,2633.33333333333,833.333333333333,8900,2225,NA,NA
F2B_334,F2B,100,1400,366.666666666667,666.666666666667,2533.33333333333,633.333333333334,1.7586,1.0779
F2B_335,F2B,433.333333333333,1166.66666666667,500,333.333333333333,2433.33333333334,608.333333333334,2.0584,1.4495
F2B_336,F2B,400,866.666666666667,600,433.333333333333,2300,575,2.2619,1.2902
F2B_337,F2B,1633.33333333333,3300,2366.66666666667,466.666666666667,7766.66666666667,1941.66666666667,1.5853,0.5365
F2B_338,F2B,300,2200,2566.66666666667,1200,6266.66666666667,1566.66666666667,NA,NA
F2B_339,F2B,333.333333333333,1933.33333333333,1866.66666666667,NA,4133.33333333333,1377.77777777778,NA,NA
F2B_340,F2B,366.666666666667,733.333333333333,466.666666666667,700,2266.66666666667,566.666666666667,1.7292,1.2565
F2B_341,F2B,266.666666666667,2300,1266.66666666667,266.666666666667,4100,1025,NA,NA
F2B_342,F2B,1900,1466.66666666667,1600,2100,7066.66666666667,1766.66666666667,NA,NA
F2B_343,F2B,1333.33333333333,2000,1766.66666666667,1933.33333333333,7033.33333333333,1758.33333333333,1.5266,0.599
F2B_344,F2B,1333.33333333333,4066.66666666667,2633.33333333333,2200,10233.3333333333,2558.33333333333,1.4772,0.9778
F2B_345,F2B,633.333333333333,2166.66666666667,1900,600,5300,1325,NA,NA
F2B_346,F2B,633.333333333333,2466.66666666667,1233.33333333333,NA,4333.33333333333,1444.44444444444,NA,NA
F2B_347,F2B,100,1833.33333333333,900,633.333333333333,3466.66666666666,866.666666666666,1.7595,1.4984
F2B_348,F2B,566.666666666667,12800,1066.66666666667,1900,16333.3333333333,4083.33333333333,NA,NA
F2B_349,F2B,366.666666666667,1800,1966.66666666667,500,4633.33333333334,1158.33333333333,NA,NA
F2B_350,F2B,333.333333333333,1800,833.333333333333,NA,2966.66666666667,988.888888888889,NA,NA
F2B_351,F2B,166.666666666667,1466.66666666667,366.666666666667,600,2600,650.000000000001,1.5744,0.5186
F2B_352,F2B,100,566.666666666667,433.333333333333,866.666666666667,1966.66666666667,491.666666666667,1.8232,1.0088
F2B_353,F2B,300,4266.66666666667,2666.66666666667,1633.33333333333,8866.66666666667,2216.66666666667,NA,NA
F2B_354,F2B,600,3400,3300,2066.66666666667,9366.66666666667,2341.66666666667,NA,NA
F2B_355,F2B,500,2033.33333333333,633.333333333333,633.333333333333,3800,949.999999999999,NA,NA
F2B_356,F2B,33.3333333333333,2700,800,466.666666666667,4000,1000,NA,NA
F2B_357,F2B,1133.33333333333,1500,1133.33333333333,1166.66666666667,4933.33333333333,1233.33333333333,NA,NA
F2B_358,F2B,200,1200,400,233.333333333333,2033.33333333333,508.333333333333,NA,NA
F2B_359,F2B,300,2100,2333.33333333333,2233.33333333333,6966.66666666666,1741.66666666667,NA,NA
F2B_360,F2B,766.666666666667,1933.33333333333,1566.66666666667,2000,6266.66666666667,1566.66666666667,NA,NA
F2B_361,F2B,100,3266.66666666667,2066.66666666667,1766.66666666667,7200.00000000001,1800,NA,NA
F2B_362,F2B,366.666666666667,1400,533.333333333333,166.666666666667,2466.66666666667,616.666666666667,2.0327,0.43
F2B_363,F2B,233.333333333333,1400,NA,NA,1633.33333333333,816.666666666666,NA,NA
F2B_364,F2B,33.3333333333333,1033.33333333333,1300,633.333333333333,3000,749.999999999999,1.7492,0.3383
F2B_365,F2B,566.666666666667,933.333333333333,1333.33333333333,1000,3833.33333333333,958.333333333333,NA,NA
F2B_366,F2B,1166.66666666667,2966.66666666667,1500,533.333333333333,6166.66666666667,1541.66666666667,2.0114,0.6017
F2B_367,F2B,900,2433.33333333333,900,633.333333333333,4866.66666666666,1216.66666666667,1.9218,0.6891
F2B_368,F2B,1333.33333333333,1733.33333333333,600,1933.33333333333,5599.99999999999,1400,NA,NA
F2B_369,F2B,233.333333333333,1400,1633.33333333333,1700,4966.66666666666,1241.66666666667,NA,NA
F2B_370,F2B,333.333333333333,3366.66666666667,1866.66666666667,2600,8166.66666666667,2041.66666666667,NA,NA
F2B_371,F2B,1400,3100,3300,1866.66666666667,9666.66666666667,2416.66666666667,NA,NA
F2B_372,F2B,1233.33333333333,1266.66666666667,1066.66666666667,633.333333333333,4200,1050,NA,NA
F2B_373,F2B,2666.66666666667,3833.33333333333,3266.66666666667,2433.33333333333,12200,3050,1.7836,0.3655
F2B_374,F2B,2800,2900,3000,1933.33333333333,10633.3333333333,2658.33333333333,NA,NA
F2B_375,F2B,566.666666666667,2000,966.666666666667,233.333333333333,3766.66666666667,941.666666666667,NA,NA
F2B_376,F2B,1866.66666666667,1933.33333333333,1300,400,5500,1375,2.1773,0.8408
F2B_377,F2B,1400,1966.66666666667,500,1033.33333333333,4900,1225,NA,NA
F2B_378,F2B,2466.66666666667,2033.33333333333,1000,966.666666666667,6466.66666666667,1616.66666666667,2.0575,0.6539
F2B_379,F2B,1166.66666666667,2566.66666666667,1533.33333333333,1600,6866.66666666667,1716.66666666667,NA,NA
F2B_380,F2B,1500,966.666666666667,1000,500,3966.66666666667,991.666666666667,NA,NA
F2B_381,F2B,466.666666666667,1166.66666666667,800,1500,3933.33333333334,983.333333333334,1.9869,0.377
F2B_382,F2B,666.666666666667,3600,733.333333333333,766.666666666667,5766.66666666667,1441.66666666667,2.0829,0.9998
F2B_383,F2B,3633.33333333333,2566.66666666667,1633.33333333333,1466.66666666667,9300,2325,1.9805,0.5316
F2B_384,F2B,466.666666666667,1166.66666666667,933.333333333333,733.333333333333,3300,825.000000000001,NA,NA
F2B_385,F2B,100,2500,NA,NA,2600,1300,NA,NA
F2B_386,F2B,400,1666.66666666667,900,233.333333333333,3200,800.000000000001,NA,NA
F2B_387,F2B,1433.33333333333,2400,1733.33333333333,2233.33333333333,7799.99999999999,1950,NA,NA
F2B_388,F2B,1166.66666666667,1366.66666666667,2400,566.666666666667,5500.00000000001,1375,2.0535,0.8135
F2B_389,F2B,1466.66666666667,1466.66666666667,533.333333333333,1000,4466.66666666667,1116.66666666667,NA,NA
F2B_390,F2B,1800,2166.66666666667,1166.66666666667,300,5433.33333333334,1358.33333333334,NA,NA
F2B_391,F2B,1433.33333333333,1333.33333333333,3300,2266.66666666667,8333.33333333333,2083.33333333333,NA,NA
F2B_392,F2B,366.666666666667,2200,2600,1333.33333333333,6500,1625,NA,NA
F2B_393,F2B,633.333333333333,2200,3266.66666666667,2133.33333333333,8233.33333333333,2058.33333333333,2.1378,0.4244
F2B_394,F2B,666.666666666667,2366.66666666667,2600,166.666666666667,5800,1450,NA,NA
F2B_395,F2B,466.666666666667,833.333333333333,333.333333333333,200,1833.33333333333,458.333333333333,1.6331,0.458
F2B_396,F2B,433.333333333333,3000,1433.33333333333,2433.33333333333,7299.99999999999,1825,1.9208,0.5015
F2B_397,F2B,1666.66666666667,2100,1900,11233.3333333333,16900,4224.99999999999,NA,NA
F2B_398,F2B,66.6666666666667,1433.33333333333,700,1633.33333333333,3833.33333333333,958.333333333332,1.711,0.2924
F2B_399,F2B,1000,2433.33333333333,1933.33333333333,2500,7866.66666666666,1966.66666666667,NA,NA
F2B_400,F2B,200,2300,2466.66666666667,2166.66666666667,7133.33333333334,1783.33333333333,NA,NA
F2B_401,F2B,166.666666666667,2633.33333333333,3066.66666666667,2466.66666666667,8333.33333333334,2083.33333333333,1.8791,0.7652
